system	prompt	primary_color	palette
3do	Detailed pixel-art poster, 1280x720, of the 3DO (Panasonic 1993) console as the hero subject in an atmospheric scene evoking its era. Dominant light keyed to #d4a53a; neon rim light; glowing marquee sign reading "3DO". Saturated midtones, painterly depth. Left 45% and bottom 30% darkened for overlaid white text. No copyrighted character likenesses.	d4a53a	FF0000,0000A0,FFE41B,23B14D
adam	Detailed pixel-art poster, 1280x720, of the Coleco Adam (Coleco 1983) computer as the hero subject in an atmospheric scene evoking its era. Dominant light keyed to #5A93AF; neon rim light; glowing marquee sign reading "Coleco Adam". Saturated midtones, painterly depth. Left 45% and bottom 30% darkened for overlaid white text. No copyrighted character likenesses.	5A93AF	999999,777777,555555,333333
ags	Detailed pixel-art poster, 1280x720, of the Adventure Game Studio (Chris Jones 1997) engine as the hero subject in an atmospheric scene evoking its era. Dominant light keyed to #4B73E0; neon rim light; glowing marquee sign reading "Adventure Game Studio". Saturated midtones, painterly depth. Left 45% and bottom 30% darkened for overlaid white text. No copyrighted character likenesses.	4B73E0	9FCFFF,63B6FF,2C90FF,9FCFFF
amiga	Detailed pixel-art poster, 1280x720, of the Amiga (Commodore 1985) computer as the hero subject in an atmospheric scene evoking its era. Dominant light keyed to #336ec8; neon rim light; glowing marquee sign reading "Amiga". Saturated midtones, painterly depth. Left 45% and bottom 30% darkened for overlaid white text. No copyrighted character likenesses.	336ec8	477AB1,82B030,F3EB08,E85629
amiga1200	Detailed pixel-art poster, 1280x720, of the Amiga 1200 (Commodore 1992) computer as the hero subject in an atmospheric scene evoking its era. Dominant light keyed to #2671C6; neon rim light; glowing marquee sign reading "Amiga 1200". Saturated midtones, painterly depth. Left 45% and bottom 30% darkened for overlaid white text. No copyrighted character likenesses.	2671C6	192753,5F87C0,F3AD2D,ED2224
amiga600	Detailed pixel-art poster, 1280x720, of the Amiga 600 (Commodore 1985) computer as the hero subject in an atmospheric scene evoking its era. Dominant light keyed to #C171A5; neon rim light; glowing marquee sign reading "Amiga 600". Saturated midtones, painterly depth. Left 45% and bottom 30% darkened for overlaid white text. No copyrighted character likenesses.	C171A5	192753,5BA079,F9EA38,ED2224
amigacd32	Detailed pixel-art poster, 1280x720, of the Amiga CD32 (Commodore 1993) console as the hero subject in an atmospheric scene evoking its era. Dominant light keyed to #e95535; neon rim light; glowing marquee sign reading "Amiga CD32". Saturated midtones, painterly depth. Left 45% and bottom 30% darkened for overlaid white text. No copyrighted character likenesses.	e95535	FF5853,47DEBA,FFDF46,4A9BE4
amstradcpc	Detailed pixel-art poster, 1280x720, of the Amstrad CPC (Amstrad 1984) computer as the hero subject in an atmospheric scene evoking its era. Dominant light keyed to #517d9f; neon rim light; glowing marquee sign reading "Amstrad CPC". Saturated midtones, painterly depth. Left 45% and bottom 30% darkened for overlaid white text. No copyrighted character likenesses.	517d9f	E91C23,00A651,1C75BC,3E3E3E
android	Detailed pixel-art poster, 1280x720, of the Google Android (Google 2008) os as the hero subject in an atmospheric scene evoking its era. Dominant light keyed to #2ec681; neon rim light; glowing marquee sign reading "Google Android". Saturated midtones, painterly depth. Left 45% and bottom 30% darkened for overlaid white text. No copyrighted character likenesses.	2ec681	4086F4,EB4132,FBBD00,31AA52
androidapps	Detailed pixel-art poster, 1280x720, of the Android Apps (Google 2008) os as the hero subject in an atmospheric scene evoking its era. Dominant light keyed to #5A9035; neon rim light; glowing marquee sign reading "Android Apps". Saturated midtones, painterly depth. Left 45% and bottom 30% darkened for overlaid white text. No copyrighted character likenesses.	5A9035	4086F4,EB4132,FBBD00,31AA52
androidgames	Detailed pixel-art poster, 1280x720, of the Android Games (Google 2008) os as the hero subject in an atmospheric scene evoking its era. Dominant light keyed to #5A9035; neon rim light; glowing marquee sign reading "Android Games". Saturated midtones, painterly depth. Left 45% and bottom 30% darkened for overlaid white text. No copyrighted character likenesses.	5A9035	4086F4,EB4132,FBBD00,31AA52
apple2	Detailed pixel-art poster, 1280x720, of the Apple II (Apple 1977) computer as the hero subject in an atmospheric scene evoking its era. Dominant light keyed to #1a9ee4; neon rim light; glowing marquee sign reading "Apple II". Saturated midtones, painterly depth. Left 45% and bottom 30% darkened for overlaid white text. No copyrighted character likenesses.	1a9ee4	009DDC,E03A3E,FDB827,61BB46
apple2gs	Detailed pixel-art poster, 1280x720, of the Apple IIGS (Apple 1986) computer as the hero subject in an atmospheric scene evoking its era. Dominant light keyed to #4c69d6; neon rim light; glowing marquee sign reading "Apple IIGS". Saturated midtones, painterly depth. Left 45% and bottom 30% darkened for overlaid white text. No copyrighted character likenesses.	4c69d6	D27C35,C44243,E3AD3A,8C3E8C
arcade	Detailed pixel-art poster, 1280x720, of the Arcade (Various Various) collection as the hero subject in an atmospheric scene evoking its era. Dominant light keyed to #5a64bb; neon rim light; glowing marquee sign reading "Arcade". Saturated midtones, painterly depth. Left 45% and bottom 30% darkened for overlaid white text. No copyrighted character likenesses.	5a64bb	FA6E0D,FCCD0A,032EC0,459FD0
arcadia	Detailed pixel-art poster, 1280x720, of the Arcadia 2001 (Emerson Radio 1982) console as the hero subject in an atmospheric scene evoking its era. Dominant light keyed to #D59234; neon rim light; glowing marquee sign reading "Arcadia 2001". Saturated midtones, painterly depth. Left 45% and bottom 30% darkened for overlaid white text. No copyrighted character likenesses.	D59234	1E35A0,2FBB37,C70A11,000000
archimedes	Detailed pixel-art poster, 1280x720, of the Acorn Archimedes (Acorn 1987) computer as the hero subject in an atmospheric scene evoking its era. Dominant light keyed to #008CAC; neon rim light; glowing marquee sign reading "Acorn Archimedes". Saturated midtones, painterly depth. Left 45% and bottom 30% darkened for overlaid white text. No copyrighted character likenesses.	008CAC	999999,777777,555555,333333
arduboy	Detailed pixel-art poster, 1280x720, of the Arduboy (Kevin Bates 2015) portable as the hero subject in an atmospheric scene evoking its era. Dominant light keyed to #5F459C; neon rim light; glowing marquee sign reading "Arduboy". Saturated midtones, painterly depth. Left 45% and bottom 30% darkened for overlaid white text. No copyrighted character likenesses.	5F459C	BA6FDB,8B2DB4,8664E3,6442C1
astrocade	Detailed pixel-art poster, 1280x720, of the Bally Astrocade (Bally 1977) console as the hero subject in an atmospheric scene evoking its era. Dominant light keyed to #dc9230; neon rim light; glowing marquee sign reading "Bally Astrocade". Saturated midtones, painterly depth. Left 45% and bottom 30% darkened for overlaid white text. No copyrighted character likenesses.	dc9230	F2B101,FA0105,F8F6EA,C47401
atari2600	Detailed pixel-art poster, 1280x720, of the Atari 2600 (Atari 1977) console as the hero subject in an atmospheric scene evoking its era. Dominant light keyed to #c53a34; neon rim light; glowing marquee sign reading "Atari 2600". Saturated midtones, painterly depth. Left 45% and bottom 30% darkened for overlaid white text. No copyrighted character likenesses.	c53a34	6D391F,D4282D,D1E0EE,222222
atari5200	Detailed pixel-art poster, 1280x720, of the Atari 5200 (Atari 1982) console as the hero subject in an atmospheric scene evoking its era. Dominant light keyed to #3b589d; neon rim light; glowing marquee sign reading "Atari 5200". Saturated midtones, painterly depth. Left 45% and bottom 30% darkened for overlaid white text. No copyrighted character likenesses.	3b589d	1E6547,CFA634,973E3A,1C6EB8
atari7800	Detailed pixel-art poster, 1280x720, of the Atari 7800 (Atari 1986) console as the hero subject in an atmospheric scene evoking its era. Dominant light keyed to #2777cc; neon rim light; glowing marquee sign reading "Atari 7800". Saturated midtones, painterly depth. Left 45% and bottom 30% darkened for overlaid white text. No copyrighted character likenesses.	2777cc	BABBBD,AA2C39,A7B0B5,333333
atari800	Detailed pixel-art poster, 1280x720, of the Atari 800 (Atari 1979) computer as the hero subject in an atmospheric scene evoking its era. Dominant light keyed to #d1923d; neon rim light; glowing marquee sign reading "Atari 800". Saturated midtones, painterly depth. Left 45% and bottom 30% darkened for overlaid white text. No copyrighted character likenesses.	d1923d	B6B896,EBD335,5D3615,BF9438
atarijaguar	Detailed pixel-art poster, 1280x720, of the Atari Jaguar (Atari 1993) console as the hero subject in an atmospheric scene evoking its era. Dominant light keyed to #da493b; neon rim light; glowing marquee sign reading "Atari Jaguar". Saturated midtones, painterly depth. Left 45% and bottom 30% darkened for overlaid white text. No copyrighted character likenesses.	da493b	FF0000,FDC007,232326,0F0E0E
atarijaguarcd	Detailed pixel-art poster, 1280x720, of the Atari Jaguar CD (Atari 1995) console as the hero subject in an atmospheric scene evoking its era. Dominant light keyed to #da493b; neon rim light; glowing marquee sign reading "Atari Jaguar CD". Saturated midtones, painterly depth. Left 45% and bottom 30% darkened for overlaid white text. No copyrighted character likenesses.	da493b	FF0000,3F3E3E,FDC007,232326
atarilynx	Detailed pixel-art poster, 1280x720, of the Atari Lynx (Atari 1989) portable as the hero subject in an atmospheric scene evoking its era. Dominant light keyed to #ea9830; neon rim light; glowing marquee sign reading "Atari Lynx". Saturated midtones, painterly depth. Left 45% and bottom 30% darkened for overlaid white text. No copyrighted character likenesses.	ea9830	FD6420,404040,F38900,262626
atarist	Detailed pixel-art poster, 1280x720, of the Atari ST (Atari 1985) computer as the hero subject in an atmospheric scene evoking its era. Dominant light keyed to #007dd6; neon rim light; glowing marquee sign reading "Atari ST". Saturated midtones, painterly depth. Left 45% and bottom 30% darkened for overlaid white text. No copyrighted character likenesses.	007dd6	172E7E,3C62A7,000000,ECECEC
atarixe	Detailed pixel-art poster, 1280x720, of the Atari XE (Atari 1987) console as the hero subject in an atmospheric scene evoking its era. Dominant light keyed to #2F7BC7; neon rim light; glowing marquee sign reading "Atari XE". Saturated midtones, painterly depth. Left 45% and bottom 30% darkened for overlaid white text. No copyrighted character likenesses.	2F7BC7	E1D095,ADC7EF,8F8F91,B9A9CE
atomiswave	Detailed pixel-art poster, 1280x720, of the Atomiswave (Sammy 2003) arcade as the hero subject in an atmospheric scene evoking its era. Dominant light keyed to #31ac73; neon rim light; glowing marquee sign reading "Atomiswave". Saturated midtones, painterly depth. Left 45% and bottom 30% darkened for overlaid white text. No copyrighted character likenesses.	31ac73	C11127,FF6B00,04EF94,029205
auto-allgames	Detailed pixel-art poster, 1280x720, of the All Games (Various Various) collection as the hero subject in an atmospheric scene evoking its era. Dominant light keyed to #333333; neon rim light; glowing marquee sign reading "All Games". Saturated midtones, painterly depth. Left 45% and bottom 30% darkened for overlaid white text. No copyrighted character likenesses.	333333	,,,
auto-favorites	Detailed pixel-art poster, 1280x720, of the Favorites (Various Various) collection as the hero subject in an atmospheric scene evoking its era. Dominant light keyed to #333333; neon rim light; glowing marquee sign reading "Favorites". Saturated midtones, painterly depth. Left 45% and bottom 30% darkened for overlaid white text. No copyrighted character likenesses.	333333	,,,
auto-lastplayed	Detailed pixel-art poster, 1280x720, of the Last Played (Various Various) collection as the hero subject in an atmospheric scene evoking its era. Dominant light keyed to #333333; neon rim light; glowing marquee sign reading "Last Played". Saturated midtones, painterly depth. Left 45% and bottom 30% darkened for overlaid white text. No copyrighted character likenesses.	333333	,,,
bbcmicro	Detailed pixel-art poster, 1280x720, of the BBC Micro (Acorn 1981) computer as the hero subject in an atmospheric scene evoking its era. Dominant light keyed to #5B6559; neon rim light; glowing marquee sign reading "BBC Micro". Saturated midtones, painterly depth. Left 45% and bottom 30% darkened for overlaid white text. No copyrighted character likenesses.	5B6559	1F0200,F9F8E1,AE492D,635B4F
c64	Detailed pixel-art poster, 1280x720, of the Commodore 64 (Commodore 1982) computer as the hero subject in an atmospheric scene evoking its era. Dominant light keyed to #0a58b2; neon rim light; glowing marquee sign reading "Commodore 64". Saturated midtones, painterly depth. Left 45% and bottom 30% darkened for overlaid white text. No copyrighted character likenesses.	0a58b2	BBAD93,968971,FD4120,00A0C6
cdimono1	Detailed pixel-art poster, 1280x720, of the Philips CD-i (Philips 1991) console as the hero subject in an atmospheric scene evoking its era. Dominant light keyed to #c47ca6; neon rim light; glowing marquee sign reading "Philips CD-i". Saturated midtones, painterly depth. Left 45% and bottom 30% darkened for overlaid white text. No copyrighted character likenesses.	c47ca6	000000,E70000,FFFFFF,0B5ED8
cdtv	Detailed pixel-art poster, 1280x720, of the CDTV (Commodore 1991) console as the hero subject in an atmospheric scene evoking its era. Dominant light keyed to #7865be; neon rim light; glowing marquee sign reading "CDTV". Saturated midtones, painterly depth. Left 45% and bottom 30% darkened for overlaid white text. No copyrighted character likenesses.	7865be	C86388,6F62E8,1CA6F1,F62717
chailove	Detailed pixel-art poster, 1280x720, of the ChaiLove Framework (ChaiLove Team 2017) engine as the hero subject in an atmospheric scene evoking its era. Dominant light keyed to #26AAE0; neon rim light; glowing marquee sign reading "ChaiLove Framework". Saturated midtones, painterly depth. Left 45% and bottom 30% darkened for overlaid white text. No copyrighted character likenesses.	26AAE0	0080E8,AEE7FF,EA316E,25AAE1
channelf	Detailed pixel-art poster, 1280x720, of the Fairchild Channel F (Fairchild 1976) console as the hero subject in an atmospheric scene evoking its era. Dominant light keyed to #d19617; neon rim light; glowing marquee sign reading "Fairchild Channel F". Saturated midtones, painterly depth. Left 45% and bottom 30% darkened for overlaid white text. No copyrighted character likenesses.	d19617	E0E0E0,91FFA6,CED0FF,4B3FF3
coco	Detailed pixel-art poster, 1280x720, of the Tandy CoCo (Tandy Corporation 1980) computer as the hero subject in an atmospheric scene evoking its era. Dominant light keyed to #D1AA41; neon rim light; glowing marquee sign reading "Tandy CoCo". Saturated midtones, painterly depth. Left 45% and bottom 30% darkened for overlaid white text. No copyrighted character likenesses.	D1AA41	498CC1,197123,555555,AE1F19
colecovision	Detailed pixel-art poster, 1280x720, of the ColecoVision (Coleco 1982) console as the hero subject in an atmospheric scene evoking its era. Dominant light keyed to #e9663e; neon rim light; glowing marquee sign reading "ColecoVision". Saturated midtones, painterly depth. Left 45% and bottom 30% darkened for overlaid white text. No copyrighted character likenesses.	e9663e	EF8185,F3994B,FADD2F,A4DDF0
completed	Detailed pixel-art poster, 1280x720, of the Completed (Various Various) collection as the hero subject in an atmospheric scene evoking its era. Dominant light keyed to #333333; neon rim light; glowing marquee sign reading "Completed". Saturated midtones, painterly depth. Left 45% and bottom 30% darkened for overlaid white text. No copyrighted character likenesses.	333333	,,,
consolearcade	Detailed pixel-art poster, 1280x720, of the Console Arcade Games (Various Various) folder as the hero subject in an atmospheric scene evoking its era. Dominant light keyed to #5B60B7; neon rim light; glowing marquee sign reading "Console Arcade Games". Saturated midtones, painterly depth. Left 45% and bottom 30% darkened for overlaid white text. No copyrighted character likenesses.	5B60B7	F6DD08,800000,FF0000,303030
cps	Detailed pixel-art poster, 1280x720, of the Capcom Play System (Capcom 1988) arcade as the hero subject in an atmospheric scene evoking its era. Dominant light keyed to #f1cb47; neon rim light; glowing marquee sign reading "Capcom Play System". Saturated midtones, painterly depth. Left 45% and bottom 30% darkened for overlaid white text. No copyrighted character likenesses.	f1cb47	FFCB04,034EA2,FAFAFA,111111
cps1	Detailed pixel-art poster, 1280x720, of the CPS-I (Capcom 1988) arcade as the hero subject in an atmospheric scene evoking its era. Dominant light keyed to #f1cb47; neon rim light; glowing marquee sign reading "CPS-I". Saturated midtones, painterly depth. Left 45% and bottom 30% darkened for overlaid white text. No copyrighted character likenesses.	f1cb47	FAFAFA,FFCB04,034EA2,111111
cps2	Detailed pixel-art poster, 1280x720, of the CPS-II (Capcom 1993) arcade as the hero subject in an atmospheric scene evoking its era. Dominant light keyed to #f1cb47; neon rim light; glowing marquee sign reading "CPS-II". Saturated midtones, painterly depth. Left 45% and bottom 30% darkened for overlaid white text. No copyrighted character likenesses.	f1cb47	034EA2,FAFAFA,FFCB04,111111
cps3	Detailed pixel-art poster, 1280x720, of the CPS-III (Capcom 1996) arcade as the hero subject in an atmospheric scene evoking its era. Dominant light keyed to #efcb47; neon rim light; glowing marquee sign reading "CPS-III". Saturated midtones, painterly depth. Left 45% and bottom 30% darkened for overlaid white text. No copyrighted character likenesses.	efcb47	FAFAFA,034EA2,111111,FFCB04
crvision	Detailed pixel-art poster, 1280x720, of the CreatiVision (VTech 1982) console as the hero subject in an atmospheric scene evoking its era. Dominant light keyed to #D59234; neon rim light; glowing marquee sign reading "CreatiVision". Saturated midtones, painterly depth. Left 45% and bottom 30% darkened for overlaid white text. No copyrighted character likenesses.	D59234	CCA656,9F7C64,E0CC75,F09734
custom-collections	Detailed pixel-art poster, 1280x720, of the Custom Collections (Various Various) collection as the hero subject in an atmospheric scene evoking its era. Dominant light keyed to #333333; neon rim light; glowing marquee sign reading "Custom Collections". Saturated midtones, painterly depth. Left 45% and bottom 30% darkened for overlaid white text. No copyrighted character likenesses.	333333	,,,
daphne	Detailed pixel-art poster, 1280x720, of the Daphne (Matt Ownby 2007) emulator as the hero subject in an atmospheric scene evoking its era. Dominant light keyed to #ffbd23; neon rim light; glowing marquee sign reading "Daphne". Saturated midtones, painterly depth. Left 45% and bottom 30% darkened for overlaid white text. No copyrighted character likenesses.	ffbd23	DEBA27,856125,DC110B,D8D3BD
desktop	Detailed pixel-art poster, 1280x720, of the Desktop Shorcuts (Various Various) folder as the hero subject in an atmospheric scene evoking its era. Dominant light keyed to #39B1DE; neon rim light; glowing marquee sign reading "Desktop Shorcuts". Saturated midtones, painterly depth. Left 45% and bottom 30% darkened for overlaid white text. No copyrighted character likenesses.	39B1DE	5475B7,503E7A,A05745,5C5599
doom	Detailed pixel-art poster, 1280x720, of the Doom (id Software 1993) engine as the hero subject in an atmospheric scene evoking its era. Dominant light keyed to #A11321; neon rim light; glowing marquee sign reading "Doom". Saturated midtones, painterly depth. Left 45% and bottom 30% darkened for overlaid white text. No copyrighted character likenesses.	A11321	33709F,DFDED1,D37112,A63417
dos	Detailed pixel-art poster, 1280x720, of the MS-DOS (Microsoft 1981) os as the hero subject in an atmospheric scene evoking its era. Dominant light keyed to #2d61c1; neon rim light; glowing marquee sign reading "MS-DOS". Saturated midtones, painterly depth. Left 45% and bottom 30% darkened for overlaid white text. No copyrighted character likenesses.	2d61c1	FDC20F,8461A9,CA1A15,111111
dragon32	Detailed pixel-art poster, 1280x720, of the Dragon 32 (Dragon Data 1982) computer as the hero subject in an atmospheric scene evoking its era. Dominant light keyed to #309496; neon rim light; glowing marquee sign reading "Dragon 32". Saturated midtones, painterly depth. Left 45% and bottom 30% darkened for overlaid white text. No copyrighted character likenesses.	309496	F50019,FBFA35,74B719,3262D9
dreamcast	Detailed pixel-art poster, 1280x720, of the Dreamcast (Sega 1998) console as the hero subject in an atmospheric scene evoking its era. Dominant light keyed to #497ed9; neon rim light; glowing marquee sign reading "Dreamcast". Saturated midtones, painterly depth. Left 45% and bottom 30% darkened for overlaid white text. No copyrighted character likenesses.	497ed9	C1C3C2,3E649F,030303,E4E5E4
easyrpg	Detailed pixel-art poster, 1280x720, of the EasyRPG (EasyRPG Team 2007) engine as the hero subject in an atmospheric scene evoking its era. Dominant light keyed to #5B9036; neon rim light; glowing marquee sign reading "EasyRPG". Saturated midtones, painterly depth. Left 45% and bottom 30% darkened for overlaid white text. No copyrighted character likenesses.	5B9036	88BA68,555554,838382,4B6D35
electron	Detailed pixel-art poster, 1280x720, of the Acorn Electron (Acorn 1983) computer as the hero subject in an atmospheric scene evoking its era. Dominant light keyed to #3F9B5B; neon rim light; glowing marquee sign reading "Acorn Electron". Saturated midtones, painterly depth. Left 45% and bottom 30% darkened for overlaid white text. No copyrighted character likenesses.	3F9B5B	999999,777777,555555,333333
emulators	Detailed pixel-art poster, 1280x720, of the Emulators (Various Various) folder as the hero subject in an atmospheric scene evoking its era. Dominant light keyed to #39B1DE; neon rim light; glowing marquee sign reading "Emulators". Saturated midtones, painterly depth. Left 45% and bottom 30% darkened for overlaid white text. No copyrighted character likenesses.	39B1DE	F6DD08,800000,FF0000,303030
epic	Detailed pixel-art poster, 1280x720, of the Epic Games Store (Epic 2018) folder as the hero subject in an atmospheric scene evoking its era. Dominant light keyed to #8BA7AE; neon rim light; glowing marquee sign reading "Epic Games Store". Saturated midtones, painterly depth. Left 45% and bottom 30% darkened for overlaid white text. No copyrighted character likenesses.	8BA7AE	FFFFFF,777777,343434,35C4EE
famicom	Detailed pixel-art poster, 1280x720, of the Famicom (Nintendo 1983) console as the hero subject in an atmospheric scene evoking its era. Dominant light keyed to #c43d41; neon rim light; glowing marquee sign reading "Famicom". Saturated midtones, painterly depth. Left 45% and bottom 30% darkened for overlaid white text. No copyrighted character likenesses.	c43d41	EA2C27,E6E7E8,C0A987,AA1A41
fba	Detailed pixel-art poster, 1280x720, of the FinalBurn Alpha (FBA Team 2000) emulator as the hero subject in an atmospheric scene evoking its era. Dominant light keyed to #5B60B7; neon rim light; glowing marquee sign reading "FinalBurn Alpha". Saturated midtones, painterly depth. Left 45% and bottom 30% darkened for overlaid white text. No copyrighted character likenesses.	5B60B7	CF8A61,FE7B07,231F20,FFFFFF
fbneo	Detailed pixel-art poster, 1280x720, of the FinalBurn Neo (FBA Team 2002) emulator as the hero subject in an atmospheric scene evoking its era. Dominant light keyed to #5a64bb; neon rim light; glowing marquee sign reading "FinalBurn Neo". Saturated midtones, painterly depth. Left 45% and bottom 30% darkened for overlaid white text. No copyrighted character likenesses.	5a64bb	C0392B,CF8A61,231F20,FFFFFF
fds	Detailed pixel-art poster, 1280x720, of the Famicom Disk System (Nintendo 1986) peripheral as the hero subject in an atmospheric scene evoking its era. Dominant light keyed to #c43d41; neon rim light; glowing marquee sign reading "Famicom Disk System". Saturated midtones, painterly depth. Left 45% and bottom 30% darkened for overlaid white text. No copyrighted character likenesses.	c43d41	A71636,C7AF89,3C3C3B,F4B600
flash	Detailed pixel-art poster, 1280x720, of the Adobe Flash (Macromedia 1996) engine as the hero subject in an atmospheric scene evoking its era. Dominant light keyed to #B92E34; neon rim light; glowing marquee sign reading "Adobe Flash". Saturated midtones, painterly depth. Left 45% and bottom 30% darkened for overlaid white text. No copyrighted character likenesses.	B92E34	FFFFFF,4A0000,B11313,710000
fm7	Detailed pixel-art poster, 1280x720, of the FM-7 (Fujitsu 1982) computer as the hero subject in an atmospheric scene evoking its era. Dominant light keyed to #E8B229; neon rim light; glowing marquee sign reading "FM-7". Saturated midtones, painterly depth. Left 45% and bottom 30% darkened for overlaid white text. No copyrighted character likenesses.	E8B229	999999,777777,555555,333333
fmtowns	Detailed pixel-art poster, 1280x720, of the FM Towns (Fujitsu 1989) computer as the hero subject in an atmospheric scene evoking its era. Dominant light keyed to #6d8efd; neon rim light; glowing marquee sign reading "FM Towns". Saturated midtones, painterly depth. Left 45% and bottom 30% darkened for overlaid white text. No copyrighted character likenesses.	6d8efd	9D9D9D,009971,606875,151619
fpinball	Detailed pixel-art poster, 1280x720, of the Future Pinball (C. Leathley 2005) engine as the hero subject in an atmospheric scene evoking its era. Dominant light keyed to #7dc7ea; neon rim light; glowing marquee sign reading "Future Pinball". Saturated midtones, painterly depth. Left 45% and bottom 30% darkened for overlaid white text. No copyrighted character likenesses.	7dc7ea	F6DD08,800000,FF0000,303030
gamate	Detailed pixel-art poster, 1280x720, of the Gamate (Bit Corp. 1990) portable as the hero subject in an atmospheric scene evoking its era. Dominant light keyed to #C53745; neon rim light; glowing marquee sign reading "Gamate". Saturated midtones, painterly depth. Left 45% and bottom 30% darkened for overlaid white text. No copyrighted character likenesses.	C53745	999999,777777,555555,333333
gameandwatch	Detailed pixel-art poster, 1280x720, of the Game & Watch (Nintendo 1980) portable as the hero subject in an atmospheric scene evoking its era. Dominant light keyed to #8ca3ae; neon rim light; glowing marquee sign reading "Game & Watch". Saturated midtones, painterly depth. Left 45% and bottom 30% darkened for overlaid white text. No copyrighted character likenesses.	8ca3ae	C4353D,C2904A,853641,4C301C
gamecom	Detailed pixel-art poster, 1280x720, of the Game.com (Tiger Elec. 1997) portable as the hero subject in an atmospheric scene evoking its era. Dominant light keyed to #54a4b6; neon rim light; glowing marquee sign reading "Game.com". Saturated midtones, painterly depth. Left 45% and bottom 30% darkened for overlaid white text. No copyrighted character likenesses.	54a4b6	71829A,293039,AE2B2B,186DA4
gamegear	Detailed pixel-art poster, 1280x720, of the Game Gear (Sega 1990) portable as the hero subject in an atmospheric scene evoking its era. Dominant light keyed to #306db2; neon rim light; glowing marquee sign reading "Game Gear". Saturated midtones, painterly depth. Left 45% and bottom 30% darkened for overlaid white text. No copyrighted character likenesses.	306db2	CCCBCB,D41808,008200,0000FE
gb	Detailed pixel-art poster, 1280x720, of the Game Boy (Nintendo 1989) portable as the hero subject in an atmospheric scene evoking its era. Dominant light keyed to #3c528d; neon rim light; glowing marquee sign reading "Game Boy". Saturated midtones, painterly depth. Left 45% and bottom 30% darkened for overlaid white text. No copyrighted character likenesses.	3c528d	9B2063,2D308E,D9D9D9,A3A3A3
gba	Detailed pixel-art poster, 1280x720, of the Game Boy Advance (Nintendo 2001) portable as the hero subject in an atmospheric scene evoking its era. Dominant light keyed to #4875db; neon rim light; glowing marquee sign reading "Game Boy Advance". Saturated midtones, painterly depth. Left 45% and bottom 30% darkened for overlaid white text. No copyrighted character likenesses.	4875db	5C67A9,280FBE,BCBCBC,212121
gbah	Detailed pixel-art poster, 1280x720, of the GBA Hacks (Nintendo 2001) portable as the hero subject in an atmospheric scene evoking its era. Dominant light keyed to #4875db; neon rim light; glowing marquee sign reading "GBA Hacks". Saturated midtones, painterly depth. Left 45% and bottom 30% darkened for overlaid white text. No copyrighted character likenesses.	4875db	5C67A9,280FBE,BCBCBC,212121
gbc	Detailed pixel-art poster, 1280x720, of the Game Boy Color (Nintendo 1998) portable as the hero subject in an atmospheric scene evoking its era. Dominant light keyed to #fbb625; neon rim light; glowing marquee sign reading "Game Boy Color". Saturated midtones, painterly depth. Left 45% and bottom 30% darkened for overlaid white text. No copyrighted character likenesses.	fbb625	F63B77,2D308E,00B3DE,7642B6
gbch	Detailed pixel-art poster, 1280x720, of the GBC Hacks (Nintendo 1998) portable as the hero subject in an atmospheric scene evoking its era. Dominant light keyed to #fbb625; neon rim light; glowing marquee sign reading "GBC Hacks". Saturated midtones, painterly depth. Left 45% and bottom 30% darkened for overlaid white text. No copyrighted character likenesses.	fbb625	F63B77,2D308E,00B3DE,7642B6
gbh	Detailed pixel-art poster, 1280x720, of the Game Boy Hacks (Nintendo 1989) portable as the hero subject in an atmospheric scene evoking its era. Dominant light keyed to #3c528d; neon rim light; glowing marquee sign reading "Game Boy Hacks". Saturated midtones, painterly depth. Left 45% and bottom 30% darkened for overlaid white text. No copyrighted character likenesses.	3c528d	9B2063,2D308E,D9D9D9,A3A3A3
gc	Detailed pixel-art poster, 1280x720, of the GameCube (Nintendo 2001) console as the hero subject in an atmospheric scene evoking its era. Dominant light keyed to #958bf4; neon rim light; glowing marquee sign reading "GameCube". Saturated midtones, painterly depth. Left 45% and bottom 30% darkened for overlaid white text. No copyrighted character likenesses.	958bf4	7B79AA,524C82,CBC9E0,1E1C11
genesis	Detailed pixel-art poster, 1280x720, of the Sega Genesis (Sega 1989) console as the hero subject in an atmospheric scene evoking its era. Dominant light keyed to #c23b2c; neon rim light; glowing marquee sign reading "Sega Genesis". Saturated midtones, painterly depth. Left 45% and bottom 30% darkened for overlaid white text. No copyrighted character likenesses.	c23b2c	D2D2D2,488277,3E64AE,811B15
genh	Detailed pixel-art poster, 1280x720, of the Sega Genesis Hacks (Sega 1989) console as the hero subject in an atmospheric scene evoking its era. Dominant light keyed to #B52D2E; neon rim light; glowing marquee sign reading "Sega Genesis Hacks". Saturated midtones, painterly depth. Left 45% and bottom 30% darkened for overlaid white text. No copyrighted character likenesses.	B52D2E	D2D2D2,488277,3E64AE,811B15
gmaster	Detailed pixel-art poster, 1280x720, of the Game Master (Hartung 1990) portable as the hero subject in an atmospheric scene evoking its era. Dominant light keyed to #83A9B0; neon rim light; glowing marquee sign reading "Game Master". Saturated midtones, painterly depth. Left 45% and bottom 30% darkened for overlaid white text. No copyrighted character likenesses.	83A9B0	F6DD08,800000,FF0000,303030
gx4000	Detailed pixel-art poster, 1280x720, of the GX4000 (Amstrad 1990) console as the hero subject in an atmospheric scene evoking its era. Dominant light keyed to #e85638; neon rim light; glowing marquee sign reading "GX4000". Saturated midtones, painterly depth. Left 45% and bottom 30% darkened for overlaid white text. No copyrighted character likenesses.	e85638	E5B3B2,9E4968,DBD9D4,C02520
intellivision	Detailed pixel-art poster, 1280x720, of the Intellivision (Mattel 1979) console as the hero subject in an atmospheric scene evoking its era. Dominant light keyed to #ef830f; neon rim light; glowing marquee sign reading "Intellivision". Saturated midtones, painterly depth. Left 45% and bottom 30% darkened for overlaid white text. No copyrighted character likenesses.	ef830f	D4C1A0,2B201D,C81A7C,C8D463
j2me	Detailed pixel-art poster, 1280x720, of the J2ME (Oracle 1998) os as the hero subject in an atmospheric scene evoking its era. Dominant light keyed to #F8981D; neon rim light; glowing marquee sign reading "J2ME". Saturated midtones, painterly depth. Left 45% and bottom 30% darkened for overlaid white text. No copyrighted character likenesses.	F8981D	F58219,4E7896,EE3537,1F4394
kodi	Detailed pixel-art poster, 1280x720, of the Kodi (XBMC Fdn. 2002) folder as the hero subject in an atmospheric scene evoking its era. Dominant light keyed to #00141F; neon rim light; glowing marquee sign reading "Kodi". Saturated midtones, painterly depth. Left 45% and bottom 30% darkened for overlaid white text. No copyrighted character likenesses.	00141F	186AAC,36A2CD,448F38,BF2E31
laserdisc	Detailed pixel-art poster, 1280x720, of the LaserDisc Games (Various Various) folder as the hero subject in an atmospheric scene evoking its era. Dominant light keyed to #279eef; neon rim light; glowing marquee sign reading "LaserDisc Games". Saturated midtones, painterly depth. Left 45% and bottom 30% darkened for overlaid white text. No copyrighted character likenesses.	279eef	F6DD08,800000,FF0000,303030
lcdgames	Detailed pixel-art poster, 1280x720, of the LCD Games (Various Various) portable as the hero subject in an atmospheric scene evoking its era. Dominant light keyed to #CE413E; neon rim light; glowing marquee sign reading "LCD Games". Saturated midtones, painterly depth. Left 45% and bottom 30% darkened for overlaid white text. No copyrighted character likenesses.	CE413E	B3A98B,A24F41,C3C9C7,3D6F78
lowresnx	Detailed pixel-art poster, 1280x720, of the LowRes NX (Timo Kloss 2017) engine as the hero subject in an atmospheric scene evoking its era. Dominant light keyed to #00AAAA; neon rim light; glowing marquee sign reading "LowRes NX". Saturated midtones, painterly depth. Left 45% and bottom 30% darkened for overlaid white text. No copyrighted character likenesses.	00AAAA	FF8300,56A0A2,F8EA32,FF5700
lutris	Detailed pixel-art poster, 1280x720, of the Lutris (M. Comandon 2010) engine as the hero subject in an atmospheric scene evoking its era. Dominant light keyed to #AA9D96; neon rim light; glowing marquee sign reading "Lutris". Saturated midtones, painterly depth. Left 45% and bottom 30% darkened for overlaid white text. No copyrighted character likenesses.	AA9D96	FF9900,704631,222222,FFB700
lutro	Detailed pixel-art poster, 1280x720, of the Lutro (libretro 2015) engine as the hero subject in an atmospheric scene evoking its era. Dominant light keyed to #926183; neon rim light; glowing marquee sign reading "Lutro". Saturated midtones, painterly depth. Left 45% and bottom 30% darkened for overlaid white text. No copyrighted character likenesses.	926183	74282B,AE353A,F2D8B5,00007F
macintosh	Detailed pixel-art poster, 1280x720, of the Macintosh (Apple 1984) computer as the hero subject in an atmospheric scene evoking its era. Dominant light keyed to #12a3df; neon rim light; glowing marquee sign reading "Macintosh". Saturated midtones, painterly depth. Left 45% and bottom 30% darkened for overlaid white text. No copyrighted character likenesses.	12a3df	76B845,E19433,009DDD,C45152
mame-advmame	Detailed pixel-art poster, 1280x720, of the AdvanceMAME (MAME 1998) emulator as the hero subject in an atmospheric scene evoking its era. Dominant light keyed to #5a64bb; neon rim light; glowing marquee sign reading "AdvanceMAME". Saturated midtones, painterly depth. Left 45% and bottom 30% darkened for overlaid white text. No copyrighted character likenesses.	5a64bb	00ADEF,84849C,231F20,FFFFFF
mame	Detailed pixel-art poster, 1280x720, of the MAME (MAME Team 1997) emulator as the hero subject in an atmospheric scene evoking its era. Dominant light keyed to #5a64bb; neon rim light; glowing marquee sign reading "MAME". Saturated midtones, painterly depth. Left 45% and bottom 30% darkened for overlaid white text. No copyrighted character likenesses.	5a64bb	00ADEF,84849C,231F20,FFFFFF
mark3	Detailed pixel-art poster, 1280x720, of the Mark III (Sega 1985) console as the hero subject in an atmospheric scene evoking its era. Dominant light keyed to #198AC8; neon rim light; glowing marquee sign reading "Mark III". Saturated midtones, painterly depth. Left 45% and bottom 30% darkened for overlaid white text. No copyrighted character likenesses.	198AC8	95897A,D8B945,447094,CBCBCB
mastersystem	Detailed pixel-art poster, 1280x720, of the Master System (Sega 1986) console as the hero subject in an atmospheric scene evoking its era. Dominant light keyed to #ca4c39; neon rim light; glowing marquee sign reading "Master System". Saturated midtones, painterly depth. Left 45% and bottom 30% darkened for overlaid white text. No copyrighted character likenesses.	ca4c39	CBCBCB,165193,E60000,1A1A1A
megacd	Detailed pixel-art poster, 1280x720, of the Mega CD (Sega 1993) peripheral as the hero subject in an atmospheric scene evoking its era. Dominant light keyed to #0374d1; neon rim light; glowing marquee sign reading "Mega CD". Saturated midtones, painterly depth. Left 45% and bottom 30% darkened for overlaid white text. No copyrighted character likenesses.	0374d1	DCE3E6,D5202C,C0C1C4,212122
megacdjp	Detailed pixel-art poster, 1280x720, of the Mega-CD (Sega 1991) peripheral as the hero subject in an atmospheric scene evoking its era. Dominant light keyed to #0374d1; neon rim light; glowing marquee sign reading "Mega-CD". Saturated midtones, painterly depth. Left 45% and bottom 30% darkened for overlaid white text. No copyrighted character likenesses.	0374d1	5A97D0,1D46A5,DEAD2C,732A46
megadrive	Detailed pixel-art poster, 1280x720, of the Mega Drive (Sega 1990) console as the hero subject in an atmospheric scene evoking its era. Dominant light keyed to #0374d1; neon rim light; glowing marquee sign reading "Mega Drive". Saturated midtones, painterly depth. Left 45% and bottom 30% darkened for overlaid white text. No copyrighted character likenesses.	0374d1	,,,
megadrivejp	Detailed pixel-art poster, 1280x720, of the Mega Drive (Sega 1988) console as the hero subject in an atmospheric scene evoking its era. Dominant light keyed to #0374d1; neon rim light; glowing marquee sign reading "Mega Drive". Saturated midtones, painterly depth. Left 45% and bottom 30% darkened for overlaid white text. No copyrighted character likenesses.	0374d1	,,,
megaduck	Detailed pixel-art poster, 1280x720, of the Mega Duck (Welback 1993) portable as the hero subject in an atmospheric scene evoking its era. Dominant light keyed to #099eb0; neon rim light; glowing marquee sign reading "Mega Duck". Saturated midtones, painterly depth. Left 45% and bottom 30% darkened for overlaid white text. No copyrighted character likenesses.	099eb0	415E81,EAEAEA,51BABB,819B73
mess	Detailed pixel-art poster, 1280x720, of the MESS (MESS Team 1998) emulator as the hero subject in an atmospheric scene evoking its era. Dominant light keyed to #5B60B7; neon rim light; glowing marquee sign reading "MESS". Saturated midtones, painterly depth. Left 45% and bottom 30% darkened for overlaid white text. No copyrighted character likenesses.	5B60B7	FFA102,A05F00,FFEFD5,FFD183
model2	Detailed pixel-art poster, 1280x720, of the Sega Model 2 (Sega 1993) arcade as the hero subject in an atmospheric scene evoking its era. Dominant light keyed to #3b96ef; neon rim light; glowing marquee sign reading "Sega Model 2". Saturated midtones, painterly depth. Left 45% and bottom 30% darkened for overlaid white text. No copyrighted character likenesses.	3b96ef	034693,F7ED18,F4133D,199A40
model3	Detailed pixel-art poster, 1280x720, of the Sega Model 3 (Sega 1996) arcade as the hero subject in an atmospheric scene evoking its era. Dominant light keyed to #3b96ef; neon rim light; glowing marquee sign reading "Sega Model 3". Saturated midtones, painterly depth. Left 45% and bottom 30% darkened for overlaid white text. No copyrighted character likenesses.	3b96ef	034693,FFFFFF,000000,4C9EFB
moonlight	Detailed pixel-art poster, 1280x720, of the this system (CWR University 2014) folder as the hero subject in an atmospheric scene evoking its era. Dominant light keyed to #738092; neon rim light; glowing marquee sign reading "this system". Saturated midtones, painterly depth. Left 45% and bottom 30% darkened for overlaid white text. No copyrighted character likenesses.	738092	82BD0F,003366,A4A1A4,DEDDDE
moto	Detailed pixel-art poster, 1280x720, of the Thomson MOTO (Thomson SA 1984) computer as the hero subject in an atmospheric scene evoking its era. Dominant light keyed to #2a539c; neon rim light; glowing marquee sign reading "Thomson MOTO". Saturated midtones, painterly depth. Left 45% and bottom 30% darkened for overlaid white text. No copyrighted character likenesses.	2a539c	E6F0EF,F0C73B,4F8E5C,2C2D2C
msx	Detailed pixel-art poster, 1280x720, of the MSX (Microsoft 1983) computer as the hero subject in an atmospheric scene evoking its era. Dominant light keyed to #279fed; neon rim light; glowing marquee sign reading "MSX". Saturated midtones, painterly depth. Left 45% and bottom 30% darkened for overlaid white text. No copyrighted character likenesses.	279fed	EAD598,212324,656266,DEE0E0
msx1	Detailed pixel-art poster, 1280x720, of the MSX 1 (Microsoft 1983) computer as the hero subject in an atmospheric scene evoking its era. Dominant light keyed to #279fed; neon rim light; glowing marquee sign reading "MSX 1". Saturated midtones, painterly depth. Left 45% and bottom 30% darkened for overlaid white text. No copyrighted character likenesses.	279fed	EAD598,212324,656266,DEE0E0
msx2	Detailed pixel-art poster, 1280x720, of the MSX 2 (Microsoft 1985) computer as the hero subject in an atmospheric scene evoking its era. Dominant light keyed to #279fed; neon rim light; glowing marquee sign reading "MSX 2". Saturated midtones, painterly depth. Left 45% and bottom 30% darkened for overlaid white text. No copyrighted character likenesses.	279fed	D6D4D4,B7B7B7,515050,2323DC
msxturbor	Detailed pixel-art poster, 1280x720, of the MSX Turbo R (Microsoft 1991) computer as the hero subject in an atmospheric scene evoking its era. Dominant light keyed to #3F599B; neon rim light; glowing marquee sign reading "MSX Turbo R". Saturated midtones, painterly depth. Left 45% and bottom 30% darkened for overlaid white text. No copyrighted character likenesses.	3F599B	637080,28292B,99784B,32100F
mugen	Detailed pixel-art poster, 1280x720, of the M.U.G.E.N (Elecbyte 1999) engine as the hero subject in an atmospheric scene evoking its era. Dominant light keyed to #4283A4; neon rim light; glowing marquee sign reading "M.U.G.E.N". Saturated midtones, painterly depth. Left 45% and bottom 30% darkened for overlaid white text. No copyrighted character likenesses.	4283A4	B5B8F1,E5F5FE,FFFFFF,A1B687
multivision	Detailed pixel-art poster, 1280x720, of the Othello Multivision (Tsukuda Original 1983) console as the hero subject in an atmospheric scene evoking its era. Dominant light keyed to #4959A0; neon rim light; glowing marquee sign reading "Othello Multivision". Saturated midtones, painterly depth. Left 45% and bottom 30% darkened for overlaid white text. No copyrighted character likenesses.	4959A0	EFEBE1,571229,183B67,E8E342
n3ds	Detailed pixel-art poster, 1280x720, of the Nintendo 3DS (Nintendo 2011) portable as the hero subject in an atmospheric scene evoking its era. Dominant light keyed to #667481; neon rim light; glowing marquee sign reading "Nintendo 3DS". Saturated midtones, painterly depth. Left 45% and bottom 30% darkened for overlaid white text. No copyrighted character likenesses.	667481	929497,C02424,221D1F,347A7A
n64	Detailed pixel-art poster, 1280x720, of the Nintendo 64 (Nintendo 1996) console as the hero subject in an atmospheric scene evoking its era. Dominant light keyed to #0da25e; neon rim light; glowing marquee sign reading "Nintendo 64". Saturated midtones, painterly depth. Left 45% and bottom 30% darkened for overlaid white text. No copyrighted character likenesses.	0da25e	143F9E,00935C,CA2E39,E1C245
n64dd	Detailed pixel-art poster, 1280x720, of the 64DD (Nintendo 1999) peripheral as the hero subject in an atmospheric scene evoking its era. Dominant light keyed to #0da25e; neon rim light; glowing marquee sign reading "64DD". Saturated midtones, painterly depth. Left 45% and bottom 30% darkened for overlaid white text. No copyrighted character likenesses.	0da25e	DCAF36,268340,20317F,B73E3A
naomi	Detailed pixel-art poster, 1280x720, of the Naomi (Sega 1998) arcade as the hero subject in an atmospheric scene evoking its era. Dominant light keyed to #fa860a; neon rim light; glowing marquee sign reading "Naomi". Saturated midtones, painterly depth. Left 45% and bottom 30% darkened for overlaid white text. No copyrighted character likenesses.	fa860a	E4E7D7,FD95B0,48B3EB,35FF90
naomi2	Detailed pixel-art poster, 1280x720, of the Naomi 2 (Sega 2000) arcade as the hero subject in an atmospheric scene evoking its era. Dominant light keyed to #fa860a; neon rim light; glowing marquee sign reading "Naomi 2". Saturated midtones, painterly depth. Left 45% and bottom 30% darkened for overlaid white text. No copyrighted character likenesses.	fa860a	E4E7D7,FD95B0,48B3EB,35FF90
naomigd	Detailed pixel-art poster, 1280x720, of the Naomi GD-ROM (Sega 1998) arcade as the hero subject in an atmospheric scene evoking its era. Dominant light keyed to #fa860a; neon rim light; glowing marquee sign reading "Naomi GD-ROM". Saturated midtones, painterly depth. Left 45% and bottom 30% darkened for overlaid white text. No copyrighted character likenesses.	fa860a	E4E7D7,A39B7C,C75433,243551
nds	Detailed pixel-art poster, 1280x720, of the Nintendo DS (Nintendo 2004) portable as the hero subject in an atmospheric scene evoking its era. Dominant light keyed to #b3c8d5; neon rim light; glowing marquee sign reading "Nintendo DS". Saturated midtones, painterly depth. Left 45% and bottom 30% darkened for overlaid white text. No copyrighted character likenesses.	b3c8d5	5C67A9,280FBE,BCBCBC,212121
neogeo	Detailed pixel-art poster, 1280x720, of the Neo Geo (SNK 1990) console as the hero subject in an atmospheric scene evoking its era. Dominant light keyed to #7c818c; neon rim light; glowing marquee sign reading "Neo Geo". Saturated midtones, painterly depth. Left 45% and bottom 30% darkened for overlaid white text. No copyrighted character likenesses.	7c818c	BF9328,494949,2D2D2D,E8E2E9
neogeocd	Detailed pixel-art poster, 1280x720, of the Neo Geo CD (SNK 1994) console as the hero subject in an atmospheric scene evoking its era. Dominant light keyed to #af98e6; neon rim light; glowing marquee sign reading "Neo Geo CD". Saturated midtones, painterly depth. Left 45% and bottom 30% darkened for overlaid white text. No copyrighted character likenesses.	af98e6	878880,FFD400,0088CD,24241E
neogeocdjp	Detailed pixel-art poster, 1280x720, of the Neo Geo CD (SNK 1994) console as the hero subject in an atmospheric scene evoking its era. Dominant light keyed to #af98e6; neon rim light; glowing marquee sign reading "Neo Geo CD". Saturated midtones, painterly depth. Left 45% and bottom 30% darkened for overlaid white text. No copyrighted character likenesses.	af98e6	878880,FFD400,0088CD,24241E
nes	Detailed pixel-art poster, 1280x720, of the Nintendo (Nintendo 1985) console as the hero subject in an atmospheric scene evoking its era. Dominant light keyed to #c43d41; neon rim light; glowing marquee sign reading "Nintendo". Saturated midtones, painterly depth. Left 45% and bottom 30% darkened for overlaid white text. No copyrighted character likenesses.	c43d41	CD3332,FFFFFF,666666,212121
nesh	Detailed pixel-art poster, 1280x720, of the Nintendo Hacks (Nintendo 1985) console as the hero subject in an atmospheric scene evoking its era. Dominant light keyed to #B93041; neon rim light; glowing marquee sign reading "Nintendo Hacks". Saturated midtones, painterly depth. Left 45% and bottom 30% darkened for overlaid white text. No copyrighted character likenesses.	B93041	CD3332,FFFFFF,666666,212121
ngage	Detailed pixel-art poster, 1280x720, of the N-Gage (Nokia 2003) portable as the hero subject in an atmospheric scene evoking its era. Dominant light keyed to #d37530; neon rim light; glowing marquee sign reading "N-Gage". Saturated midtones, painterly depth. Left 45% and bottom 30% darkened for overlaid white text. No copyrighted character likenesses.	d37530	F6DD08,800000,FF0000,303030
ngp	Detailed pixel-art poster, 1280x720, of the Neo Geo Pocket (SNK 1998) portable as the hero subject in an atmospheric scene evoking its era. Dominant light keyed to #f4a141; neon rim light; glowing marquee sign reading "Neo Geo Pocket". Saturated midtones, painterly depth. Left 45% and bottom 30% darkened for overlaid white text. No copyrighted character likenesses.	f4a141	B2B8BD,E92A30,25374A,0F1520
ngpc	Detailed pixel-art poster, 1280x720, of the Neo Geo Pocket Color (SNK 1999) portable as the hero subject in an atmospheric scene evoking its era. Dominant light keyed to #f2a243; neon rim light; glowing marquee sign reading "Neo Geo Pocket Color". Saturated midtones, painterly depth. Left 45% and bottom 30% darkened for overlaid white text. No copyrighted character likenesses.	f2a243	E92A30,18A94E,1D9ED8,25374A
now-playing	Detailed pixel-art poster, 1280x720, of the Now Playing (Various Various) collection as the hero subject in an atmospheric scene evoking its era. Dominant light keyed to #333333; neon rim light; glowing marquee sign reading "Now Playing". Saturated midtones, painterly depth. Left 45% and bottom 30% darkened for overlaid white text. No copyrighted character likenesses.	333333	,,,
odyssey2	Detailed pixel-art poster, 1280x720, of the Odyssey² (Magnavox 1978) console as the hero subject in an atmospheric scene evoking its era. Dominant light keyed to #fa860a; neon rim light; glowing marquee sign reading "Odyssey²". Saturated midtones, painterly depth. Left 45% and bottom 30% darkened for overlaid white text. No copyrighted character likenesses.	fa860a	8C1914,89918F,DC3114,F8D239
openbor	Detailed pixel-art poster, 1280x720, of the Open Beats of Rage (Senile Team 2003) engine as the hero subject in an atmospheric scene evoking its era. Dominant light keyed to #189c8a; neon rim light; glowing marquee sign reading "Open Beats of Rage". Saturated midtones, painterly depth. Left 45% and bottom 30% darkened for overlaid white text. No copyrighted character likenesses.	189c8a	E17930,407AC0,EBE470,404040
oric	Detailed pixel-art poster, 1280x720, of the Oric (Tangerine 1982) computer as the hero subject in an atmospheric scene evoking its era. Dominant light keyed to #7C848D; neon rim light; glowing marquee sign reading "Oric". Saturated midtones, painterly depth. Left 45% and bottom 30% darkened for overlaid white text. No copyrighted character likenesses.	7C848D	BFB8A8,207EA4,77776D,9E9C8F
palm	Detailed pixel-art poster, 1280x720, of the Palm (Palm Inc 1997) os as the hero subject in an atmospheric scene evoking its era. Dominant light keyed to #324A42; neon rim light; glowing marquee sign reading "Palm". Saturated midtones, painterly depth. Left 45% and bottom 30% darkened for overlaid white text. No copyrighted character likenesses.	324A42	B2AFAC,242443,345A89,363636
pc	Detailed pixel-art poster, 1280x720, of the IBM PC (IBM 1981) computer as the hero subject in an atmospheric scene evoking its era. Dominant light keyed to #3161BC; neon rim light; glowing marquee sign reading "IBM PC". Saturated midtones, painterly depth. Left 45% and bottom 30% darkened for overlaid white text. No copyrighted character likenesses.	3161BC	1F70C1,FFFFFF,666870,201D1D
pc88	Detailed pixel-art poster, 1280x720, of the PC-88 (NEC 1981) computer as the hero subject in an atmospheric scene evoking its era. Dominant light keyed to #3C518B; neon rim light; glowing marquee sign reading "PC-88". Saturated midtones, painterly depth. Left 45% and bottom 30% darkened for overlaid white text. No copyrighted character likenesses.	3C518B	B6A781,342B22,938CAA,77B7C6
pc98	Detailed pixel-art poster, 1280x720, of the PC-98 (NEC 1982) computer as the hero subject in an atmospheric scene evoking its era. Dominant light keyed to #5185B2; neon rim light; glowing marquee sign reading "PC-98". Saturated midtones, painterly depth. Left 45% and bottom 30% darkened for overlaid white text. No copyrighted character likenesses.	5185B2	951610,16643C,00499A,3B3431
pcarcade	Detailed pixel-art poster, 1280x720, of the PC Arcade Games (Various Various) folder as the hero subject in an atmospheric scene evoking its era. Dominant light keyed to #5B60B7; neon rim light; glowing marquee sign reading "PC Arcade Games". Saturated midtones, painterly depth. Left 45% and bottom 30% darkened for overlaid white text. No copyrighted character likenesses.	5B60B7	F6DD08,800000,FF0000,303030
pcengine	Detailed pixel-art poster, 1280x720, of the PC Engine (NEC 1987) console as the hero subject in an atmospheric scene evoking its era. Dominant light keyed to #c64c3f; neon rim light; glowing marquee sign reading "PC Engine". Saturated midtones, painterly depth. Left 45% and bottom 30% darkened for overlaid white text. No copyrighted character likenesses.	c64c3f	B2B2B2,FE0000,333333,D9D9D9
pcenginecd	Detailed pixel-art poster, 1280x720, of the PC Engine CD-ROM² (NEC 1988) console as the hero subject in an atmospheric scene evoking its era. Dominant light keyed to #5a8dca; neon rim light; glowing marquee sign reading "PC Engine CD-ROM²". Saturated midtones, painterly depth. Left 45% and bottom 30% darkened for overlaid white text. No copyrighted character likenesses.	5a8dca	B2B2B2,FE0000,333333,D9D9D9
pcfx	Detailed pixel-art poster, 1280x720, of the PC-FX (NEC 1994) console as the hero subject in an atmospheric scene evoking its era. Dominant light keyed to #9480de; neon rim light; glowing marquee sign reading "PC-FX". Saturated midtones, painterly depth. Left 45% and bottom 30% darkened for overlaid white text. No copyrighted character likenesses.	9480de	FEC101,01015B,5C3073,F00020
pico8	Detailed pixel-art poster, 1280x720, of the PICO-8 (Lexaloffle 2015) engine as the hero subject in an atmospheric scene evoking its era. Dominant light keyed to #24192C; neon rim light; glowing marquee sign reading "PICO-8". Saturated midtones, painterly depth. Left 45% and bottom 30% darkened for overlaid white text. No copyrighted character likenesses.	24192C	E69E20,77DF41,F0D7BD,DF739E
playdate	Detailed pixel-art poster, 1280x720, of the Playdate (Panic 2022) portable as the hero subject in an atmospheric scene evoking its era. Dominant light keyed to #6c00ff; neon rim light; glowing marquee sign reading "Playdate". Saturated midtones, painterly depth. Left 45% and bottom 30% darkened for overlaid white text. No copyrighted character likenesses.	6c00ff	6c00ff,ffc833,6c00ff,ffc833
plus4	Detailed pixel-art poster, 1280x720, of the Commodore Plus/4 (Commodore 1984) computer as the hero subject in an atmospheric scene evoking its era. Dominant light keyed to #538db0; neon rim light; glowing marquee sign reading "Commodore Plus/4". Saturated midtones, painterly depth. Left 45% and bottom 30% darkened for overlaid white text. No copyrighted character likenesses.	538db0	BBAD93,968971,FD4120,00A0C6
pokemini	Detailed pixel-art poster, 1280x720, of the Pokémon Mini (Nintendo 2001) portable as the hero subject in an atmospheric scene evoking its era. Dominant light keyed to #415289; neon rim light; glowing marquee sign reading "Pokémon Mini". Saturated midtones, painterly depth. Left 45% and bottom 30% darkened for overlaid white text. No copyrighted character likenesses.	415289	FCE200,004F8A,999998,8C8C8C
ports	Detailed pixel-art poster, 1280x720, of the Ports (Various Various) folder as the hero subject in an atmospheric scene evoking its era. Dominant light keyed to #3161BC; neon rim light; glowing marquee sign reading "Ports". Saturated midtones, painterly depth. Left 45% and bottom 30% darkened for overlaid white text. No copyrighted character likenesses.	3161BC	4F5054,737375,F4BE46,E45B12
ps2	Detailed pixel-art poster, 1280x720, of the PlayStation 2 (Sony 2000) console as the hero subject in an atmospheric scene evoking its era. Dominant light keyed to #2a68c3; neon rim light; glowing marquee sign reading "PlayStation 2". Saturated midtones, painterly depth. Left 45% and bottom 30% darkened for overlaid white text. No copyrighted character likenesses.	2a68c3	33438A,0098DF,40A9A8,849DCA
ps3	Detailed pixel-art poster, 1280x720, of the PlayStation 3 (Sony 2006) console as the hero subject in an atmospheric scene evoking its era. Dominant light keyed to #317be1; neon rim light; glowing marquee sign reading "PlayStation 3". Saturated midtones, painterly depth. Left 45% and bottom 30% darkened for overlaid white text. No copyrighted character likenesses.	317be1	94B8F2,1A15FF,0095D5,3DD3C8
ps4	Detailed pixel-art poster, 1280x720, of the PlayStation 4 (Sony 2013) console as the hero subject in an atmospheric scene evoking its era. Dominant light keyed to #166fc7; neon rim light; glowing marquee sign reading "PlayStation 4". Saturated midtones, painterly depth. Left 45% and bottom 30% darkened for overlaid white text. No copyrighted character likenesses.	166fc7	18191E,5B6171,0123A1,EBECEE
psp	Detailed pixel-art poster, 1280x720, of the PlayStation Portable (Sony 2004) portable as the hero subject in an atmospheric scene evoking its era. Dominant light keyed to #336aab; neon rim light; glowing marquee sign reading "PlayStation Portable". Saturated midtones, painterly depth. Left 45% and bottom 30% darkened for overlaid white text. No copyrighted character likenesses.	336aab	313131,0F1012,97A9BA,F9F7F7
psvita	Detailed pixel-art poster, 1280x720, of the PlayStation Vita (Sony 2011) portable as the hero subject in an atmospheric scene evoking its era. Dominant light keyed to #0561c3; neon rim light; glowing marquee sign reading "PlayStation Vita". Saturated midtones, painterly depth. Left 45% and bottom 30% darkened for overlaid white text. No copyrighted character likenesses.	0561c3	03477C,6CAAD8,D0DFF2,2C2C2C
psx	Detailed pixel-art poster, 1280x720, of the PlayStation (Sony 1994) console as the hero subject in an atmospheric scene evoking its era. Dominant light keyed to #878b8f; neon rim light; glowing marquee sign reading "PlayStation". Saturated midtones, painterly depth. Left 45% and bottom 30% darkened for overlaid white text. No copyrighted character likenesses.	878b8f	DC0029,F1C002,00A79B,326BB1
pv1000	Detailed pixel-art poster, 1280x720, of the PV-1000 (Casio 1983) console as the hero subject in an atmospheric scene evoking its era. Dominant light keyed to #9e3830; neon rim light; glowing marquee sign reading "PV-1000". Saturated midtones, painterly depth. Left 45% and bottom 30% darkened for overlaid white text. No copyrighted character likenesses.	9e3830	2A4E78,4FBBB2,DCD9D1,D13931
quake	Detailed pixel-art poster, 1280x720, of the Quake (id Software 1996) engine as the hero subject in an atmospheric scene evoking its era. Dominant light keyed to #B32E34; neon rim light; glowing marquee sign reading "Quake". Saturated midtones, painterly depth. Left 45% and bottom 30% darkened for overlaid white text. No copyrighted character likenesses.	B32E34	905630,6A3822,3A0901,111111
samcoupe	Detailed pixel-art poster, 1280x720, of the SAM Coupé (MGT 1989) computer as the hero subject in an atmospheric scene evoking its era. Dominant light keyed to #597FC1; neon rim light; glowing marquee sign reading "SAM Coupé". Saturated midtones, painterly depth. Left 45% and bottom 30% darkened for overlaid white text. No copyrighted character likenesses.	597FC1	2A46A5,C60000,D3D8D3,96958C
satellaview	Detailed pixel-art poster, 1280x720, of the Satellaview (Nintendo 1995) peripheral as the hero subject in an atmospheric scene evoking its era. Dominant light keyed to #d9ac3b; neon rim light; glowing marquee sign reading "Satellaview". Saturated midtones, painterly depth. Left 45% and bottom 30% darkened for overlaid white text. No copyrighted character likenesses.	d9ac3b	37336C,CD2943,FFDF68,647A54
saturn	Detailed pixel-art poster, 1280x720, of the Sega Saturn (Sega 1995) console as the hero subject in an atmospheric scene evoking its era. Dominant light keyed to #567ddd; neon rim light; glowing marquee sign reading "Sega Saturn". Saturated midtones, painterly depth. Left 45% and bottom 30% darkened for overlaid white text. No copyrighted character likenesses.	567ddd	0D7176,D1AE44,2740A5,86254A
saturnjp	Detailed pixel-art poster, 1280x720, of the Sega Saturn (Sega 1994) console as the hero subject in an atmospheric scene evoking its era. Dominant light keyed to #567ddd; neon rim light; glowing marquee sign reading "Sega Saturn". Saturated midtones, painterly depth. Left 45% and bottom 30% darkened for overlaid white text. No copyrighted character likenesses.	567ddd	4FA66A,FDE862,2E5CCF,BD3786
scummvm	Detailed pixel-art poster, 1280x720, of the ScummVM (ScummVM 2001) engine as the hero subject in an atmospheric scene evoking its era. Dominant light keyed to #4cac54; neon rim light; glowing marquee sign reading "ScummVM". Saturated midtones, painterly depth. Left 45% and bottom 30% darkened for overlaid white text. No copyrighted character likenesses.	4cac54	FFEB32,F17C38,EFEDE3,95C93E
scv	Detailed pixel-art poster, 1280x720, of the Super Cassette Vision (Epoch Co. 1984) console as the hero subject in an atmospheric scene evoking its era. Dominant light keyed to #6d9b4c; neon rim light; glowing marquee sign reading "Super Cassette Vision". Saturated midtones, painterly depth. Left 45% and bottom 30% darkened for overlaid white text. No copyrighted character likenesses.	6d9b4c	FF8300,56A0A2,F8EA32,FF5700
sega32x	Detailed pixel-art poster, 1280x720, of the Mega Drive 32X (Sega 1994) peripheral as the hero subject in an atmospheric scene evoking its era. Dominant light keyed to #0374d1; neon rim light; glowing marquee sign reading "Mega Drive 32X". Saturated midtones, painterly depth. Left 45% and bottom 30% darkened for overlaid white text. No copyrighted character likenesses.	0374d1	DCE3E6,D5202C,C0C1C4,212122
sega32xjp	Detailed pixel-art poster, 1280x720, of the Super 32X (Sega 1994) peripheral as the hero subject in an atmospheric scene evoking its era. Dominant light keyed to #0374d1; neon rim light; glowing marquee sign reading "Super 32X". Saturated midtones, painterly depth. Left 45% and bottom 30% darkened for overlaid white text. No copyrighted character likenesses.	0374d1	6177B3,1D46A5,F2BA5C,FBE627
sega32xna	Detailed pixel-art poster, 1280x720, of the Sega 32X (Sega 1994) peripheral as the hero subject in an atmospheric scene evoking its era. Dominant light keyed to #0374d1; neon rim light; glowing marquee sign reading "Sega 32X". Saturated midtones, painterly depth. Left 45% and bottom 30% darkened for overlaid white text. No copyrighted character likenesses.	0374d1	0084E2,ED0A0A,FFE607,212122
segacd	Detailed pixel-art poster, 1280x720, of the Sega CD (Sega 1992) peripheral as the hero subject in an atmospheric scene evoking its era. Dominant light keyed to #0374d1; neon rim light; glowing marquee sign reading "Sega CD". Saturated midtones, painterly depth. Left 45% and bottom 30% darkened for overlaid white text. No copyrighted character likenesses.	0374d1	4B95D1,2B83C5,B2AE85,212122
sfc	Detailed pixel-art poster, 1280x720, of the Super Famicom (Nintendo 1990) console as the hero subject in an atmospheric scene evoking its era. Dominant light keyed to #3f55a0; neon rim light; glowing marquee sign reading "Super Famicom". Saturated midtones, painterly depth. Left 45% and bottom 30% darkened for overlaid white text. No copyrighted character likenesses.	3f55a0	FED01B,BA2318,0A2A8D,007544
sg-1000	Detailed pixel-art poster, 1280x720, of the SG-1000 (Sega 1983) console as the hero subject in an atmospheric scene evoking its era. Dominant light keyed to #4559a2; neon rim light; glowing marquee sign reading "SG-1000". Saturated midtones, painterly depth. Left 45% and bottom 30% darkened for overlaid white text. No copyrighted character likenesses.	4559a2	FF0000,17569B,D4D6C9,1A1E21
sgb	Detailed pixel-art poster, 1280x720, of the Super Game Boy (Nintendo 1994) peripheral as the hero subject in an atmospheric scene evoking its era. Dominant light keyed to #3c528d; neon rim light; glowing marquee sign reading "Super Game Boy". Saturated midtones, painterly depth. Left 45% and bottom 30% darkened for overlaid white text. No copyrighted character likenesses.	3c528d	30308F,D9D9D9,EA2427,A3A3A3
snes	Detailed pixel-art poster, 1280x720, of the Super Nintendo (Nintendo 1992) console as the hero subject in an atmospheric scene evoking its era. Dominant light keyed to #df5142; neon rim light; glowing marquee sign reading "Super Nintendo". Saturated midtones, painterly depth. Left 45% and bottom 30% darkened for overlaid white text. No copyrighted character likenesses.	df5142	FED01B,BA2318,0A2A8D,007544
snesh	Detailed pixel-art poster, 1280x720, of the Super Nintendo Hacks (Nintendo 1992) console as the hero subject in an atmospheric scene evoking its era. Dominant light keyed to #df5142; neon rim light; glowing marquee sign reading "Super Nintendo Hacks". Saturated midtones, painterly depth. Left 45% and bottom 30% darkened for overlaid white text. No copyrighted character likenesses.	df5142	FED01B,BA2318,0A2A8D,007544
snesna	Detailed pixel-art poster, 1280x720, of the Super Nintendo (Nintendo 1991) console as the hero subject in an atmospheric scene evoking its era. Dominant light keyed to #746bb2; neon rim light; glowing marquee sign reading "Super Nintendo". Saturated midtones, painterly depth. Left 45% and bottom 30% darkened for overlaid white text. No copyrighted character likenesses.	746bb2	A59EF7,47449E,CCCCCC,4C4C4C
snesnah	Detailed pixel-art poster, 1280x720, of the Super Nintendo Hacks (Nintendo 1991) console as the hero subject in an atmospheric scene evoking its era. Dominant light keyed to #746bb2; neon rim light; glowing marquee sign reading "Super Nintendo Hacks". Saturated midtones, painterly depth. Left 45% and bottom 30% darkened for overlaid white text. No copyrighted character likenesses.	746bb2	A59EF7,47449E,CCCCCC,4C4C4C
solarus	Detailed pixel-art poster, 1280x720, of the Solarus (Christopho 2021) engine as the hero subject in an atmospheric scene evoking its era. Dominant light keyed to #271658; neon rim light; glowing marquee sign reading "Solarus". Saturated midtones, painterly depth. Left 45% and bottom 30% darkened for overlaid white text. No copyrighted character likenesses.	271658	37336C,CD2943,FFDF68,647A54
spectravideo	Detailed pixel-art poster, 1280x720, of the Spectravideo (Spectravideo 1983) console as the hero subject in an atmospheric scene evoking its era. Dominant light keyed to #C12E3D; neon rim light; glowing marquee sign reading "Spectravideo". Saturated midtones, painterly depth. Left 45% and bottom 30% darkened for overlaid white text. No copyrighted character likenesses.	C12E3D	B74E6C,C23435,D17733,E9E439
steam	Detailed pixel-art poster, 1280x720, of the Steam (Valve 2003) folder as the hero subject in an atmospheric scene evoking its era. Dominant light keyed to #8a52cb; neon rim light; glowing marquee sign reading "Steam". Saturated midtones, painterly depth. Left 45% and bottom 30% darkened for overlaid white text. No copyrighted character likenesses.	8a52cb	2F3B50,0A7CAF,EEEEEE,2A2E33
stratagus	Detailed pixel-art poster, 1280x720, of the Stratagus (Stratagus Team 1998) engine as the hero subject in an atmospheric scene evoking its era. Dominant light keyed to #CE3D3D; neon rim light; glowing marquee sign reading "Stratagus". Saturated midtones, painterly depth. Left 45% and bottom 30% darkened for overlaid white text. No copyrighted character likenesses.	CE3D3D	A40000,DB4C4C,F57900,26353C
stv	Detailed pixel-art poster, 1280x720, of the ST-V (Sega 1994) arcade as the hero subject in an atmospheric scene evoking its era. Dominant light keyed to #47569e; neon rim light; glowing marquee sign reading "ST-V". Saturated midtones, painterly depth. Left 45% and bottom 30% darkened for overlaid white text. No copyrighted character likenesses.	47569e	034693,F7ED18,F4133D,199A40
sufami	Detailed pixel-art poster, 1280x720, of the SuFami Turbo (Bandai 1996) peripheral as the hero subject in an atmospheric scene evoking its era. Dominant light keyed to #3f55a0; neon rim light; glowing marquee sign reading "SuFami Turbo". Saturated midtones, painterly depth. Left 45% and bottom 30% darkened for overlaid white text. No copyrighted character likenesses.	3f55a0	FF0000,EDDFDE,A0C0CF,1E2881
supergrafx	Detailed pixel-art poster, 1280x720, of the SuperGrafx (NEC 1989) console as the hero subject in an atmospheric scene evoking its era. Dominant light keyed to #61b1df; neon rim light; glowing marquee sign reading "SuperGrafx". Saturated midtones, painterly depth. Left 45% and bottom 30% darkened for overlaid white text. No copyrighted character likenesses.	61b1df	B2B2B2,0091AD,000000,D9D9D9
supervision	Detailed pixel-art poster, 1280x720, of the Supervision (Watara 1992) portable as the hero subject in an atmospheric scene evoking its era. Dominant light keyed to #2ba9a1; neon rim light; glowing marquee sign reading "Supervision". Saturated midtones, painterly depth. Left 45% and bottom 30% darkened for overlaid white text. No copyrighted character likenesses.	2ba9a1	000000,718E2C,9A9A9A,00FFEE
supracan	Detailed pixel-art poster, 1280x720, of the Super A'can (Funtech 1995) console as the hero subject in an atmospheric scene evoking its era. Dominant light keyed to #0DBD91; neon rim light; glowing marquee sign reading "Super A'can". Saturated midtones, painterly depth. Left 45% and bottom 30% darkened for overlaid white text. No copyrighted character likenesses.	0DBD91	F6DD08,800000,FF0000,303030
switch	Detailed pixel-art poster, 1280x720, of the Nintendo Switch (Nintendo 2017) console as the hero subject in an atmospheric scene evoking its era. Dominant light keyed to #ff6550; neon rim light; glowing marquee sign reading "Nintendo Switch". Saturated midtones, painterly depth. Left 45% and bottom 30% darkened for overlaid white text. No copyrighted character likenesses.	ff6550	DA4A4B,65BADE,000000,EBECEE
symbian	Detailed pixel-art poster, 1280x720, of the Symbian (Symbian Ltd. 1997) os as the hero subject in an atmospheric scene evoking its era. Dominant light keyed to #222222; neon rim light; glowing marquee sign reading "Symbian". Saturated midtones, painterly depth. Left 45% and bottom 30% darkened for overlaid white text. No copyrighted character likenesses.	222222	0082B5,FBAB18,1F4394,EE3537
tanodragon	Detailed pixel-art poster, 1280x720, of the Tano Dragon (Dragon Data 1984) computer as the hero subject in an atmospheric scene evoking its era. Dominant light keyed to #309496; neon rim light; glowing marquee sign reading "Tano Dragon". Saturated midtones, painterly depth. Left 45% and bottom 30% darkened for overlaid white text. No copyrighted character likenesses.	309496	F50019,FBFA35,74B719,3262D9
tg-cd	Detailed pixel-art poster, 1280x720, of the TurboGrafx-CD (NEC 1989) console as the hero subject in an atmospheric scene evoking its era. Dominant light keyed to #5B6559; neon rim light; glowing marquee sign reading "TurboGrafx-CD". Saturated midtones, painterly depth. Left 45% and bottom 30% darkened for overlaid white text. No copyrighted character likenesses.	5B6559	F79226,D5E14D,604832,1E1C1A
tg16	Detailed pixel-art poster, 1280x720, of the TurboGrafx-16 (NEC 1989) console as the hero subject in an atmospheric scene evoking its era. Dominant light keyed to #5B6559; neon rim light; glowing marquee sign reading "TurboGrafx-16". Saturated midtones, painterly depth. Left 45% and bottom 30% darkened for overlaid white text. No copyrighted character likenesses.	5B6559	F79226,ECF332,FD5A17,D5E14D
ti99	Detailed pixel-art poster, 1280x720, of the TI-99/4 (TI 1981) computer as the hero subject in an atmospheric scene evoking its era. Dominant light keyed to #5F6165; neon rim light; glowing marquee sign reading "TI-99/4". Saturated midtones, painterly depth. Left 45% and bottom 30% darkened for overlaid white text. No copyrighted character likenesses.	5F6165	AAA6A7,C7C2BE,1F1F1F,FD7F34
tic80	Detailed pixel-art poster, 1280x720, of the TIC-80 (Vadim Grigoruk 2017) engine as the hero subject in an atmospheric scene evoking its era. Dominant light keyed to #140C1C; neon rim light; glowing marquee sign reading "TIC-80". Saturated midtones, painterly depth. Left 45% and bottom 30% darkened for overlaid white text. No copyrighted character likenesses.	140C1C	4E76B4,C5494A,C7772F,65A33D
to8	Detailed pixel-art poster, 1280x720, of the Thomson TO8 (Thomson SA 1986) computer as the hero subject in an atmospheric scene evoking its era. Dominant light keyed to #2a539c; neon rim light; glowing marquee sign reading "Thomson TO8". Saturated midtones, painterly depth. Left 45% and bottom 30% darkened for overlaid white text. No copyrighted character likenesses.	2a539c	E6F0EF,F0C73B,4F8E5C,2C2D2C
tools	Detailed pixel-art poster, 1280x720, of the Tools (Various Various) folder as the hero subject in an atmospheric scene evoking its era. Dominant light keyed to #333333; neon rim light; glowing marquee sign reading "Tools". Saturated midtones, painterly depth. Left 45% and bottom 30% darkened for overlaid white text. No copyrighted character likenesses.	333333	,,,
triforce	Detailed pixel-art poster, 1280x720, of the Triforce Arcade (Sega 2002) arcade as the hero subject in an atmospheric scene evoking its era. Dominant light keyed to #9c6faa; neon rim light; glowing marquee sign reading "Triforce Arcade". Saturated midtones, painterly depth. Left 45% and bottom 30% darkened for overlaid white text. No copyrighted character likenesses.	9c6faa	7B79AA,524C82,CBC9E0,1E1C11
trs-80	Detailed pixel-art poster, 1280x720, of the TRS-80 (Tandy Corp. 1977) computer as the hero subject in an atmospheric scene evoking its era. Dominant light keyed to #5E6064; neon rim light; glowing marquee sign reading "TRS-80". Saturated midtones, painterly depth. Left 45% and bottom 30% darkened for overlaid white text. No copyrighted character likenesses.	5E6064	233D98,A8AAAE,CE2027,0F7C3E
type-x	Detailed pixel-art poster, 1280x720, of the Taito Type X (Sega 2004) arcade as the hero subject in an atmospheric scene evoking its era. Dominant light keyed to #2278c0; neon rim light; glowing marquee sign reading "Taito Type X". Saturated midtones, painterly depth. Left 45% and bottom 30% darkened for overlaid white text. No copyrighted character likenesses.	2278c0	F6DD08,800000,FF0000,303030
uzebox	Detailed pixel-art poster, 1280x720, of the Uzebox (Belogic 2008) console as the hero subject in an atmospheric scene evoking its era. Dominant light keyed to #CE3D3D; neon rim light; glowing marquee sign reading "Uzebox". Saturated midtones, painterly depth. Left 45% and bottom 30% darkened for overlaid white text. No copyrighted character likenesses.	CE3D3D	C43F32,EDC63D,C9C2BF,07336A
vectrex	Detailed pixel-art poster, 1280x720, of the Vectrex (Smith Eng. 1982) console as the hero subject in an atmospheric scene evoking its era. Dominant light keyed to #4794dc; neon rim light; glowing marquee sign reading "Vectrex". Saturated midtones, painterly depth. Left 45% and bottom 30% darkened for overlaid white text. No copyrighted character likenesses.	4794dc	EEF020,EC1D25,11192E,166FC1
vic20	Detailed pixel-art poster, 1280x720, of the VIC-20 (Commodore 1980) computer as the hero subject in an atmospheric scene evoking its era. Dominant light keyed to #286d98; neon rim light; glowing marquee sign reading "VIC-20". Saturated midtones, painterly depth. Left 45% and bottom 30% darkened for overlaid white text. No copyrighted character likenesses.	286d98	896841,D3D3C9,FFCD1C,DC2770
videopac	Detailed pixel-art poster, 1280x720, of the Videopac (Philips 1978) console as the hero subject in an atmospheric scene evoking its era. Dominant light keyed to #38435e; neon rim light; glowing marquee sign reading "Videopac". Saturated midtones, painterly depth. Left 45% and bottom 30% darkened for overlaid white text. No copyrighted character likenesses.	38435e	F6DD08,800000,FF0000,4C504E
vircon32	Detailed pixel-art poster, 1280x720, of the Vircon32 (Carra 2021) engine as the hero subject in an atmospheric scene evoking its era. Dominant light keyed to #3F616F; neon rim light; glowing marquee sign reading "Vircon32". Saturated midtones, painterly depth. Left 45% and bottom 30% darkened for overlaid white text. No copyrighted character likenesses.	3F616F	80B3FF,00FFFF,5FD38D,66FF00
virtualboy	Detailed pixel-art poster, 1280x720, of the Virtual Boy (Nintendo 1995) portable as the hero subject in an atmospheric scene evoking its era. Dominant light keyed to #f05148; neon rim light; glowing marquee sign reading "Virtual Boy". Saturated midtones, painterly depth. Left 45% and bottom 30% darkened for overlaid white text. No copyrighted character likenesses.	f05148	363636,FE0016,8A8C8E,232323
vpinball	Detailed pixel-art poster, 1280x720, of the Visual Pinball (Visual Pinball 2000) engine as the hero subject in an atmospheric scene evoking its era. Dominant light keyed to #7dc7ea; neon rim light; glowing marquee sign reading "Visual Pinball". Saturated midtones, painterly depth. Left 45% and bottom 30% darkened for overlaid white text. No copyrighted character likenesses.	7dc7ea	F6DD08,800000,FF0000,303030
vsmile	Detailed pixel-art poster, 1280x720, of the V.Smile (VTech 2004) console as the hero subject in an atmospheric scene evoking its era. Dominant light keyed to #544D77; neon rim light; glowing marquee sign reading "V.Smile". Saturated midtones, painterly depth. Left 45% and bottom 30% darkened for overlaid white text. No copyrighted character likenesses.	544D77	007CB3,8A6AA2,CBCFD0,F0973A
wasm4	Detailed pixel-art poster, 1280x720, of the WASM-4 (Bruno Garcia 2022) engine as the hero subject in an atmospheric scene evoking its era. Dominant light keyed to #3A4E25; neon rim light; glowing marquee sign reading "WASM-4". Saturated midtones, painterly depth. Left 45% and bottom 30% darkened for overlaid white text. No copyrighted character likenesses.	3A4E25	688535,D3E3B7,4B5E2C,8FC038
wii	Detailed pixel-art poster, 1280x720, of the Wii (Nintendo 2006) console as the hero subject in an atmospheric scene evoking its era. Dominant light keyed to #78c6eb; neon rim light; glowing marquee sign reading "Wii". Saturated midtones, painterly depth. Left 45% and bottom 30% darkened for overlaid white text. No copyrighted character likenesses.	78c6eb	24A9E2,D1D1D1,005C9A,1E1C1A
wiiu	Detailed pixel-art poster, 1280x720, of the Wii U (Nintendo 2012) console as the hero subject in an atmospheric scene evoking its era. Dominant light keyed to #53a7d4; neon rim light; glowing marquee sign reading "Wii U". Saturated midtones, painterly depth. Left 45% and bottom 30% darkened for overlaid white text. No copyrighted character likenesses.	53a7d4	1F9EBB,3783BC,DDDCDC,9D8354
windows	Detailed pixel-art poster, 1280x720, of the Windows (Microsoft 1985) os as the hero subject in an atmospheric scene evoking its era. Dominant light keyed to #2da7e0; neon rim light; glowing marquee sign reading "Windows". Saturated midtones, painterly depth. Left 45% and bottom 30% darkened for overlaid white text. No copyrighted character likenesses.	2da7e0	F8682C,91C300,00B4F1,FFC300
windows3x	Detailed pixel-art poster, 1280x720, of the Windows 3.X (Microsoft 1992) os as the hero subject in an atmospheric scene evoking its era. Dominant light keyed to #2da6e2; neon rim light; glowing marquee sign reading "Windows 3.X". Saturated midtones, painterly depth. Left 45% and bottom 30% darkened for overlaid white text. No copyrighted character likenesses.	2da6e2	F8682C,91C300,00B4F1,FFC300
windows9x	Detailed pixel-art poster, 1280x720, of the Windows 9X (Microsoft 1998) os as the hero subject in an atmospheric scene evoking its era. Dominant light keyed to #6d99bf; neon rim light; glowing marquee sign reading "Windows 9X". Saturated midtones, painterly depth. Left 45% and bottom 30% darkened for overlaid white text. No copyrighted character likenesses.	6d99bf	F8682C,91C300,00B4F1,FFC300
wonderswan	Detailed pixel-art poster, 1280x720, of the WonderSwan (Bandai 1999) portable as the hero subject in an atmospheric scene evoking its era. Dominant light keyed to #72c4bf; neon rim light; glowing marquee sign reading "WonderSwan". Saturated midtones, painterly depth. Left 45% and bottom 30% darkened for overlaid white text. No copyrighted character likenesses.	72c4bf	8797A4,DBE0E1,E72835,282827
wonderswancolor	Detailed pixel-art poster, 1280x720, of the WonderSwan Color (Bandai 2000) portable as the hero subject in an atmospheric scene evoking its era. Dominant light keyed to #38a8ea; neon rim light; glowing marquee sign reading "WonderSwan Color". Saturated midtones, painterly depth. Left 45% and bottom 30% darkened for overlaid white text. No copyrighted character likenesses.	38a8ea	009CD4,EBA743,D65757,162B4F
x1	Detailed pixel-art poster, 1280x720, of the X1 (Sharp 1982) computer as the hero subject in an atmospheric scene evoking its era. Dominant light keyed to #c2433a; neon rim light; glowing marquee sign reading "X1". Saturated midtones, painterly depth. Left 45% and bottom 30% darkened for overlaid white text. No copyrighted character likenesses.	c2433a	752421,4A90CB,C1C3D1,28333D
x68000	Detailed pixel-art poster, 1280x720, of the X68000 (Sharp 1987) computer as the hero subject in an atmospheric scene evoking its era. Dominant light keyed to #6b6c71; neon rim light; glowing marquee sign reading "X68000". Saturated midtones, painterly depth. Left 45% and bottom 30% darkened for overlaid white text. No copyrighted character likenesses.	6b6c71	3B3B3B,838582,C25F7F,41BC83
xbox	Detailed pixel-art poster, 1280x720, of the Xbox (Microsoft 2001) console as the hero subject in an atmospheric scene evoking its era. Dominant light keyed to #66a853; neon rim light; glowing marquee sign reading "Xbox". Saturated midtones, painterly depth. Left 45% and bottom 30% darkened for overlaid white text. No copyrighted character likenesses.	66a853	CDDF01,9ABF5E,534F57,000000
xbox360	Detailed pixel-art poster, 1280x720, of the Xbox 360 (Microsoft 2005) console as the hero subject in an atmospheric scene evoking its era. Dominant light keyed to #91a919; neon rim light; glowing marquee sign reading "Xbox 360". Saturated midtones, painterly depth. Left 45% and bottom 30% darkened for overlaid white text. No copyrighted character likenesses.	91a919	92C83E,CECECE,2FA74D,9D9FA2
xboxone	Detailed pixel-art poster, 1280x720, of the Xbox One (Microsoft 2013) console as the hero subject in an atmospheric scene evoking its era. Dominant light keyed to #0099D7; neon rim light; glowing marquee sign reading "Xbox One". Saturated midtones, painterly depth. Left 45% and bottom 30% darkened for overlaid white text. No copyrighted character likenesses.	0099D7	F5F8F8,CECECE,107C10,7CB74E
zmachine	Detailed pixel-art poster, 1280x720, of the Z-machine (J. Berez & M. Blank 1979) engine as the hero subject in an atmospheric scene evoking its era. Dominant light keyed to #000000; neon rim light; glowing marquee sign reading "Z-machine". Saturated midtones, painterly depth. Left 45% and bottom 30% darkened for overlaid white text. No copyrighted character likenesses.	000000	333333,48DBCE,C1C1BE,586C6D
zx81	Detailed pixel-art poster, 1280x720, of the ZX81 (Sinclair 1981) computer as the hero subject in an atmospheric scene evoking its era. Dominant light keyed to #B92E34; neon rim light; glowing marquee sign reading "ZX81". Saturated midtones, painterly depth. Left 45% and bottom 30% darkened for overlaid white text. No copyrighted character likenesses.	B92E34	EF5857,403E4B,D2CECD,191222
zxnext	Detailed pixel-art poster, 1280x720, of the ZX Spectrum Next (SpecNext Ltd. 2017) computer as the hero subject in an atmospheric scene evoking its era. Dominant light keyed to #32323D; neon rim light; glowing marquee sign reading "ZX Spectrum Next". Saturated midtones, painterly depth. Left 45% and bottom 30% darkened for overlaid white text. No copyrighted character likenesses.	32323D	CA2825,EDBA01,009C37,02559C
zxspectrum	Detailed pixel-art poster, 1280x720, of the ZX Spectrum (Sinclair 1982) computer as the hero subject in an atmospheric scene evoking its era. Dominant light keyed to #9a2514; neon rim light; glowing marquee sign reading "ZX Spectrum". Saturated midtones, painterly depth. Left 45% and bottom 30% darkened for overlaid white text. No copyrighted character likenesses.	9a2514	CA2825,EDBA01,009C37,02559C
